{"AccountNumber":"456-DEF-456","AvgTrans":104.75142857142855,"TotalTrans":1466.5199999999998,"MaxTrans":281.0,"MinTrans":6.78,"NumOfTrans":14,"StdDevAmount":86.07276714475982,"UniqueTrans":["Electronics","Grocery Store","Books","Park","Drug Store","Gas"]}
